Sustentaveis_cluster,pratica_aceiros,pratica_adubação,pratica_adubação verde,pratica_apiário,pratica_calagem,pratica_consórcio,pratica_curva de nível,pratica_descarte correto de embalagens,pratica_floresta,pratica_ilp - integração lavoura pecuária,pratica_ilpf - integração lavoura pecuária,pratica_não usa,pratica_outros,pratica_plantio direto,pratica_reaproveitamento de residuos,pratica_recuperação de pastagens,pratica_rotação de cultura
0,0.0,1.0,0.0,0.0,0.0,0.0,0.0,0.0,0.0,0.0,0.0,0.0,0.0,0.0,0.0,0.0,0.0
1,0.0,0.0,0.08589951377633712,0.0016207455429497568,0.19286871961102106,0.08589951377633712,0.03079416531604538,0.07455429497568881,0.006482982171799027,0.017828200972447326,0.006482982171799027,0.04376012965964344,0.0016207455429497568,0.09238249594813615,0.07941653160453808,0.13614262560777957,0.14424635332252836
2,1.0,0.0,0.0,0.0,0.0,0.0,0.0,0.0,0.0,0.0,0.0,0.0,0.0,0.0,0.0,0.0,0.0
